,mean_fit_time,std_fit_time,mean_score_time,std_score_time,param_colsample_bytree,param_learning_rate,param_max_depth,param_min_child_weight,param_n_estimators,param_subsample,params,split0_test_score,split1_test_score,split2_test_score,split3_test_score,split4_test_score,mean_test_score,std_test_score,rank_test_score
34,0.12550344467163085,0.003589240311679712,0.018820953369140626,0.00039873585063062805,0.8,0.05,6,4,50,0.6,"OrderedDict([('colsample_bytree', 0.8), ('learning_rate', 0.05), ('max_depth', 6), ('min_child_weight', 4), ('n_estimators', 50), ('subsample', 0.6)])",0.7282985707227476,0.7079047353176792,0.7281536768925656,0.7213737111150225,0.7322191883206096,0.7235899764737249,0.00858370713243139,1
88,0.14488039016723633,0.0026423853080122794,0.020440149307250976,0.00022809949923180618,0.8,0.03,8,4,50,0.6,"OrderedDict([('colsample_bytree', 0.8), ('learning_rate', 0.03), ('max_depth', 8), ('min_child_weight', 4), ('n_estimators', 50), ('subsample', 0.6)])",0.7278281930057615,0.7076278261040208,0.7278094542321218,0.721442405217966,0.7324747731195227,0.7234365303358785,0.008648591347736614,2
44,0.12565150260925292,0.009549080684351431,0.018685054779052735,0.0001398093053118259,0.8,0.03,6,4,50,0.6,"OrderedDict([('colsample_bytree', 0.8), ('learning_rate', 0.03), ('max_depth', 6), ('min_child_weight', 4), ('n_estimators', 50), ('subsample', 0.6)])",0.7277849889964294,0.7077460041039061,0.7279750737826389,0.7214631005035879,0.7322109972610997,0.7234360329295324,0.008562543741956323,3
62,0.12567386627197266,0.005878078246277658,0.02030010223388672,0.002017285831259649,0.8,0.05,6,6,50,0.6,"OrderedDict([('colsample_bytree', 0.8), ('learning_rate', 0.05), ('max_depth', 6), ('min_child_weight', 6), ('n_estimators', 50), ('subsample', 0.6)])",0.7278986566876483,0.7076336024642427,0.7282428992794837,0.7211438074640416,0.7322405167316042,0.7234318965254041,0.00866615174780023,4
98,0.42626156806945803,0.026905525467210707,0.020870161056518555,0.0006105907239838668,0.8,0.03,20,6,50,0.6,"OrderedDict([('colsample_bytree', 0.8), ('learning_rate', 0.03), ('max_depth', 20), ('min_child_weight', 6), ('n_estimators', 50), ('subsample', 0.6)])",0.72772690888132,0.70742676129136,0.7280368644419022,0.7214583124929566,0.7324401095053645,0.7234177913225807,0.00872764750378032,5
31,0.12800755500793456,0.003040359132821246,0.020064163208007812,0.0017079211617387258,0.8,0.075,6,4,50,0.6,"OrderedDict([('colsample_bytree', 0.8), ('learning_rate', 0.075), ('max_depth', 6), ('min_child_weight', 4), ('n_estimators', 50), ('subsample', 0.6)])",0.7276520140189888,0.7079413321204558,0.7278953515611424,0.7210766961745299,0.7323976505350542,0.7233926088820342,0.008527759426241748,6
76,0.11457972526550293,0.001778167253298169,0.01878180503845215,5.3934182313593776e-05,0.8,0.03,6,6,50,0.4,"OrderedDict([('colsample_bytree', 0.8), ('learning_rate', 0.03), ('max_depth', 6), ('min_child_weight', 6), ('n_estimators', 50), ('subsample', 0.4)])",0.7276088495737679,0.7074943367931358,0.7278079500392634,0.7217504602821461,0.7322101662840479,0.7233743525944722,0.00860780207276797,7
80,0.1519768238067627,0.005281990366319631,0.021642112731933595,0.0019481539539152799,0.8,0.03,12,2,50,0.6,"OrderedDict([('colsample_bytree', 0.8), ('learning_rate', 0.03), ('max_depth', 12), ('min_child_weight', 2), ('n_estimators', 50), ('subsample', 0.6)])",0.7278376092642056,0.7076204276152431,0.7275906337552437,0.721337702109447,0.7323319242072954,0.723343659390287,0.008605407174688108,8
87,0.4491696357727051,0.025299750435074063,0.020068025588989256,0.00048772515727951997,0.8,0.03,20,4,50,1.0,"OrderedDict([('colsample_bytree', 0.8), ('learning_rate', 0.03), ('max_depth', 20), ('min_child_weight', 4), ('n_estimators', 50), ('subsample', 1.0)])",0.7280770512646431,0.7076075692791324,0.7274115952210684,0.7209761083809337,0.732616632773355,0.7233377913838265,0.008696790138015645,9
89,0.16007370948791505,0.004910733629234724,0.022109365463256835,0.0018284541689694977,0.8,0.05,8,2,50,0.6,"OrderedDict([('colsample_bytree', 0.8), ('learning_rate', 0.05), ('max_depth', 8), ('min_child_weight', 2), ('n_estimators', 50), ('subsample', 0.6)])",0.7278466694456498,0.7077424433339061,0.7279200519912387,0.7211253676875602,0.7320166277716647,0.7233302320460039,0.008541179173738374,10
77,0.06978611946105957,0.005946309645664823,0.012545394897460937,0.0015676365612881742,0.8,0.075,6,4,20,0.6,"OrderedDict([('colsample_bytree', 0.8), ('learning_rate', 0.075), ('max_depth', 6), ('min_child_weight', 4), ('n_estimators', 20), ('subsample', 0.6)])",0.7276013323926569,0.7072055979102553,0.7278989141231754,0.7213895392493412,0.7321071251296325,0.7232405017610122,0.008716408242130927,11
10,0.10752081871032715,0.0012351584251137982,0.01691741943359375,0.000223395404574161,0.6,0.05,8,6,50,1.0,"OrderedDict([('colsample_bytree', 0.6), ('learning_rate', 0.05), ('max_depth', 8), ('min_child_weight', 6), ('n_estimators', 50), ('subsample', 1.0)])",0.727337954104998,0.7072610667940314,0.7276183425710567,0.7216133490686092,0.7320339200084078,0.7231729265094206,0.00861679692250177,12
43,0.16626372337341308,0.006650104690610203,0.020577239990234374,0.00038138619342785446,0.8,0.05,8,2,50,1.0,"OrderedDict([('colsample_bytree', 0.8), ('learning_rate', 0.05), ('max_depth', 8), ('min_child_weight', 2), ('n_estimators', 50), ('subsample', 1.0)])",0.7276866326162101,0.7078324912507924,0.7271841454272656,0.7208979173973988,0.7321853556835032,0.7231573084750341,0.008463931715369124,13
86,0.18818182945251466,0.004295865891391994,0.028592300415039063,0.0009451365893060541,0.6,0.03,8,2,100,0.4,"OrderedDict([('colsample_bytree', 0.6), ('learning_rate', 0.03), ('max_depth', 8), ('min_child_weight', 2), ('n_estimators', 100), ('subsample', 0.4)])",0.7273437304652202,0.7074654549920254,0.727761636732833,0.7214639314806397,0.7317075438787539,0.7231484595098945,0.008496280281404789,14
56,0.06743955612182617,0.0012761013718216227,0.01192169189453125,7.059467437901618e-05,0.8,0.1,6,2,20,0.6,"OrderedDict([('colsample_bytree', 0.8), ('learning_rate', 0.1), ('max_depth', 6), ('min_child_weight', 2), ('n_estimators', 20), ('subsample', 0.6)])",0.7273299225904427,0.7072979405455859,0.7277710577302094,0.7208540338949999,0.732312455602083,0.7231130820726641,0.008710097068379415,15
61,0.1026686668395996,0.002109202036260375,0.01749577522277832,0.0003896796171470424,0.6,0.05,6,4,50,0.6,"OrderedDict([('colsample_bytree', 0.6), ('learning_rate', 0.05), ('max_depth', 6), ('min_child_weight', 4), ('n_estimators', 50), ('subsample', 0.6)])",0.7273961133483298,0.7067775933562679,0.7278676427453293,0.7216165938361447,0.7318924164875977,0.7231100719547339,0.008799028812421542,16
7,0.1978616714477539,0.008875891937290192,0.028205204010009765,0.0003105561889295363,0.6,0.05,12,4,100,0.6,"OrderedDict([('colsample_bytree', 0.6), ('learning_rate', 0.05), ('max_depth', 12), ('min_child_weight', 4), ('n_estimators', 100), ('subsample', 0.6)])",0.72776326829943,0.7057504299036313,0.7277841204576642,0.7216161189921151,0.7325920991651609,0.7231012073636004,0.0093487590656874,17
97,0.7678693771362305,0.03674656335103507,0.02716817855834961,0.00045361132145434944,0.6,0.03,20,4,100,1.0,"OrderedDict([('colsample_bytree', 0.6), ('learning_rate', 0.03), ('max_depth', 20), ('min_child_weight', 4), ('n_estimators', 100), ('subsample', 1.0)])",0.7274578333616613,0.707388304975361,0.7276555515522914,0.721086034773778,0.7318794374174562,0.7230934324161096,0.008575960397932467,18
58,0.06851615905761718,0.001776278921031214,0.01166391372680664,0.0002635320698730727,0.8,0.075,6,2,20,0.6,"OrderedDict([('colsample_bytree', 0.8), ('learning_rate', 0.075), ('max_depth', 6), ('min_child_weight', 2), ('n_estimators', 20), ('subsample', 0.6)])",0.7275105723217709,0.7070365404634825,0.7276462493069827,0.7211318572226308,0.7320438917330286,0.7230738222095792,0.008740933842431691,19
55,0.22998509407043458,0.00942017974094192,0.030771827697753905,0.0002750975436174051,0.8,0.03,6,2,100,0.4,"OrderedDict([('colsample_bytree', 0.8), ('learning_rate', 0.03), ('max_depth', 6), ('min_child_weight', 2), ('n_estimators', 100), ('subsample', 0.4)])",0.7279180431020922,0.7057077797918547,0.7280110952431958,0.7212217610255618,0.7323294312761401,0.7230376220877689,0.009364960735597313,20
48,0.18886022567749022,0.0022656808029170115,0.028720283508300783,0.0002366974985437415,0.6,0.075,6,4,100,0.6,"OrderedDict([('colsample_bytree', 0.6), ('learning_rate', 0.075), ('max_depth', 6), ('min_child_weight', 4), ('n_estimators', 100), ('subsample', 0.6)])",0.7274543517198836,0.7059798226198468,0.7274680024532594,0.7214945589205466,0.7325452478875771,0.7229883967202226,0.009196392446140317,21
13,0.10237002372741699,0.0019539479527981747,0.017721939086914062,0.0001978839391379135,0.6,0.075,8,6,50,0.4,"OrderedDict([('colsample_bytree', 0.6), ('learning_rate', 0.075), ('max_depth', 8), ('min_child_weight', 6), ('n_estimators', 50), ('subsample', 0.4)])",0.727149708064337,0.7054945292329722,0.727784120457664,0.7217395784398017,0.7325759544681556,0.7229487781325862,0.009378953464379954,22
73,0.2757145404815674,0.01110646440810514,0.03503508567810058,0.00024775815423861217,0.8,0.03,12,4,100,0.6,"OrderedDict([('colsample_bytree', 0.8), ('learning_rate', 0.03), ('max_depth', 12), ('min_child_weight', 4), ('n_estimators', 100), ('subsample', 0.6)])",0.7274541934634391,0.705823386124518,0.7278957474013683,0.7212137678177307,0.7323175997457367,0.7229409389105586,0.00926104848950103,23
93,0.18252553939819335,0.006285088394094889,0.029560136795043945,0.0014828306963482112,0.6,0.05,8,6,100,0.4,"OrderedDict([('colsample_bytree', 0.6), ('learning_rate', 0.05), ('max_depth', 8), ('min_child_weight', 6), ('n_estimators', 100), ('subsample', 0.4)])",0.7272772627585554,0.7058047118640742,0.7279080184483713,0.7214415346705785,0.7321945755717438,0.7229252206626647,0.009219572986357267,24
9,0.30687808990478516,0.009628220385149159,0.03530116081237793,0.0002616415263637925,0.8,0.075,12,6,100,1.0,"OrderedDict([('colsample_bytree', 0.8), ('learning_rate', 0.075), ('max_depth', 12), ('min_child_weight', 6), ('n_estimators', 100), ('subsample', 1.0)])",0.7276966423363209,0.7061678312758413,0.7273090330185374,0.7205403598431368,0.7329019348944517,0.7229231602736577,0.009252207751517548,25
5,0.14322371482849122,0.0007062678425950142,0.021307849884033205,0.00040271975454450105,0.8,0.1,8,4,50,0.4,"OrderedDict([('colsample_bytree', 0.8), ('learning_rate', 0.1), ('max_depth', 8), ('min_child_weight', 4), ('n_estimators', 50), ('subsample', 0.4)])",0.7270958217450051,0.7058738699302943,0.7278004290749712,0.7212974986482774,0.7325186566219216,0.7229172552040939,0.009236810136270899,26
90,1.51121244430542,0.028726832475641693,0.05148506164550781,0.0005137142002949955,0.6,0.03,20,2,200,0.4,"OrderedDict([('colsample_bytree', 0.6), ('learning_rate', 0.03), ('max_depth', 20), ('min_child_weight', 2), ('n_estimators', 200), ('subsample', 0.4)])",0.72723572044189,0.7057753552936306,0.7277654367990016,0.7217603132957595,0.7320475322039222,0.7229168716068408,0.009172777237725962,27
84,0.14140839576721193,0.0019266864234130435,0.02062997817993164,0.0002859868611479692,0.8,0.05,12,4,50,0.4,"OrderedDict([('colsample_bytree', 0.8), ('learning_rate', 0.05), ('max_depth', 12), ('min_child_weight', 4), ('n_estimators', 50), ('subsample', 0.4)])",0.7275802447214353,0.7052499834622016,0.7278659802163805,0.7213126936572234,0.7325719578642402,0.7229161719842961,0.009530516634838223,28
81,0.348940372467041,0.009679445928731066,0.05116815567016601,0.0006262839103413747,0.6,0.05,6,6,200,0.6,"OrderedDict([('colsample_bytree', 0.6), ('learning_rate', 0.05), ('max_depth', 6), ('min_child_weight', 6), ('n_estimators', 200), ('subsample', 0.6)])",0.7273108131247766,0.7055218284696381,0.7280147369732742,0.7211578945035855,0.7324823310536599,0.7228975208249869,0.009407152828748887,29
27,0.3669573307037354,0.007110794794880402,0.05160608291625977,0.0002961026525079118,0.6,0.075,8,4,200,0.4,"OrderedDict([('colsample_bytree', 0.6), ('learning_rate', 0.075), ('max_depth', 8), ('min_child_weight', 4), ('n_estimators', 200), ('subsample', 0.4)])",0.7272585884981115,0.7058323276136289,0.7276862687538214,0.7213210034277407,0.7323101209522711,0.7228816618491148,0.009211438845705482,30
68,0.13556289672851562,0.0012503865324560658,0.02102184295654297,0.00021529311225228456,0.8,0.075,12,6,50,0.4,"OrderedDict([('colsample_bytree', 0.8), ('learning_rate', 0.075), ('max_depth', 12), ('min_child_weight', 6), ('n_estimators', 50), ('subsample', 0.4)])",0.7272001918701132,0.7055069127997495,0.7280680170676805,0.72111294260212,0.7324921444969377,0.7228760417673202,0.009411901753588648,31
82,0.07062578201293945,0.005030250702096672,0.012598657608032226,0.0011368536345124896,0.8,0.1,6,6,20,0.6,"OrderedDict([('colsample_bytree', 0.8), ('learning_rate', 0.1), ('max_depth', 6), ('min_child_weight', 6), ('n_estimators', 20), ('subsample', 0.6)])",0.727502738627771,0.7051678879316484,0.7276838145444209,0.721615525437078,0.7323924668210647,0.7228724866723966,0.009489477321869711,32
94,2.9990017414093018,0.02625772188891928,0.09174742698669433,0.001059473735269467,0.6,0.03,20,4,400,1.0,"OrderedDict([('colsample_bytree', 0.6), ('learning_rate', 0.03), ('max_depth', 20), ('min_child_weight', 4), ('n_estimators', 400), ('subsample', 1.0)])",0.7273176972801098,0.7060541240205113,0.727496423781479,0.720964553842881,0.7325186566219215,0.7228702911093806,0.009172641847369628,33
32,0.8472424983978272,0.02305315125719196,0.03584747314453125,0.0004681219790570164,0.8,0.05,20,4,100,0.6,"OrderedDict([('colsample_bytree', 0.8), ('learning_rate', 0.05), ('max_depth', 20), ('min_child_weight', 4), ('n_estimators', 100), ('subsample', 0.6)])",0.727491541984327,0.7059840164156245,0.7275275368232349,0.7209011621649343,0.7323216754903239,0.7228451865756889,0.009180361154655424,34
35,0.0710371971130371,0.0009368884131449841,0.01248030662536621,9.655633379526992e-05,0.8,0.05,8,6,20,0.6,"OrderedDict([('colsample_bytree', 0.8), ('learning_rate', 0.05), ('max_depth', 8), ('min_child_weight', 6), ('n_estimators', 20), ('subsample', 0.6)])",0.7272872329145552,0.7058792110852944,0.7271338341345536,0.7214843102035753,0.7322525856840222,0.7228074348044002,0.009124830019281768,35
14,0.13934769630432128,0.005824017127236177,0.021822643280029298,0.0015860834019517482,0.8,0.1,8,6,50,0.4,"OrderedDict([('colsample_bytree', 0.8), ('learning_rate', 0.1), ('max_depth', 8), ('min_child_weight', 6), ('n_estimators', 50), ('subsample', 0.4)])",0.7270390076814512,0.7059935118022909,0.7278624968223926,0.7213310542930331,0.7317293867041139,0.7227910914606562,0.009032690156660203,36
47,0.19710016250610352,0.0075482566158583935,0.029285573959350587,0.0007094659055098562,0.6,0.1,6,4,100,0.6,"OrderedDict([('colsample_bytree', 0.6), ('learning_rate', 0.1), ('max_depth', 6), ('min_child_weight', 4), ('n_estimators', 100), ('subsample', 0.6)])",0.7273085184063323,0.7056703521427448,0.7274315059844312,0.7214858534466713,0.7320354236811681,0.7227863307322695,0.00918935818332851,37
30,0.6389898300170899,0.0135370859885393,0.0611419677734375,0.0005707646172360007,0.8,0.03,12,4,200,1.0,"OrderedDict([('colsample_bytree', 0.8), ('learning_rate', 0.03), ('max_depth', 12), ('min_child_weight', 4), ('n_estimators', 200), ('subsample', 1.0)])",0.7276292250909895,0.705986311134069,0.7273773550415279,0.7203081611126798,0.7324864463685828,0.7227574997495697,0.009241225031037135,38
99,0.08043513298034669,0.0024348615798989123,0.012739229202270507,0.0003150068481809129,0.8,0.075,8,4,20,1.0,"OrderedDict([('colsample_bytree', 0.8), ('learning_rate', 0.075), ('max_depth', 8), ('min_child_weight', 4), ('n_estimators', 20), ('subsample', 1.0)])",0.7279361239008695,0.7052959569593115,0.7275373536608373,0.7207612810278917,0.7322276168021346,0.7227516664702089,0.00946824655538523,39
52,0.10941610336303711,0.0013874271919210239,0.018192243576049805,0.00029594226637620147,0.6,0.1,6,2,50,0.6,"OrderedDict([('colsample_bytree', 0.6), ('learning_rate', 0.1), ('max_depth', 6), ('min_child_weight', 2), ('n_estimators', 50), ('subsample', 0.6)])",0.727326797025665,0.7055689097618589,0.7276810436628395,0.7212988440396944,0.7318135923786901,0.7227378373737496,0.009216354432973011,40
69,0.4153184413909912,0.006098765509282064,0.058184814453125,0.0051577026410966524,0.8,0.05,6,6,200,0.6,"OrderedDict([('colsample_bytree', 0.8), ('learning_rate', 0.05), ('max_depth', 6), ('min_child_weight', 6), ('n_estimators', 200), ('subsample', 0.6)])",0.7270944765652274,0.7057899940147413,0.7275828752868159,0.7205340285894094,0.7326538288890042,0.7227310406690396,0.009304488399238442,41
96,0.2287980556488037,0.004664495759435214,0.029825639724731446,0.00039293865477201906,1.0,0.075,6,6,100,0.4,"OrderedDict([('colsample_bytree', 1.0), ('learning_rate', 0.075), ('max_depth', 6), ('min_child_weight', 6), ('n_estimators', 100), ('subsample', 0.4)])",0.7270586314805618,0.7061126789049541,0.7275586498649906,0.7209751586928745,0.7319421959700303,0.7227294629826823,0.009012572236054927,42
16,0.19053273200988768,0.0030138487374892445,0.012227487564086915,0.00031646081795747233,0.8,0.03,20,4,20,1.0,"OrderedDict([('colsample_bytree', 0.8), ('learning_rate', 0.03), ('max_depth', 20), ('min_child_weight', 4), ('n_estimators', 20), ('subsample', 1.0)])",0.7276266534237672,0.7061472579380641,0.7272914181284849,0.7208089237121913,0.7317435133139935,0.7227235533033002,0.00899671976837876,43
0,1.1152827262878418,0.4888981597461041,0.03607401847839355,0.00040183199446250335,0.8,0.1,20,4,100,0.6,"OrderedDict([('colsample_bytree', 0.8), ('learning_rate', 0.1), ('max_depth', 20), ('min_child_weight', 4), ('n_estimators', 100), ('subsample', 0.6)])",0.7273760147798859,0.7060563396107333,0.7269922025017261,0.7207059221281116,0.7324701433902343,0.7227201244821382,0.009129398349746465,44
92,0.6996127605438233,0.009508501727241814,0.10056047439575196,0.003934725665733031,0.6,0.05,12,6,400,0.4,"OrderedDict([('colsample_bytree', 0.6), ('learning_rate', 0.05), ('max_depth', 12), ('min_child_weight', 6), ('n_estimators', 400), ('subsample', 0.4)])",0.7267544625943486,0.7057957703749633,0.7276212717887283,0.7210655373398351,0.7323492164440386,0.7227172517083827,0.009188992547909046,45
57,1.0332038402557373,0.01763119826925125,0.12523694038391114,0.00036911564945414405,0.8,0.03,8,6,400,0.6,"OrderedDict([('colsample_bytree', 0.8), ('learning_rate', 0.03), ('max_depth', 8), ('min_child_weight', 6), ('n_estimators', 400), ('subsample', 0.6)])",0.7271489167821147,0.705520008520527,0.7273557421651938,0.7205917221390015,0.7329058919280313,0.7227044563069738,0.009436375036741424,46
2,0.062320613861083986,0.0007099840218160838,0.011651086807250976,0.00012012922100838207,0.6,0.3,12,6,20,0.6,"OrderedDict([('colsample_bytree', 0.6), ('learning_rate', 0.3), ('max_depth', 12), ('min_child_weight', 6), ('n_estimators', 20), ('subsample', 0.6)])",0.7269081296018995,0.7054002875203083,0.7277318695478452,0.7212597485479271,0.7321861075198832,0.7226972285475727,0.009320607700060738,47
91,1.7778077602386475,0.01962988677496937,0.08125519752502441,0.0053295703033976105,1.0,0.03,20,6,200,0.4,"OrderedDict([('colsample_bytree', 1.0), ('learning_rate', 0.03), ('max_depth', 20), ('min_child_weight', 6), ('n_estimators', 200), ('subsample', 0.4)])",0.7272513087016673,0.70564416070119,0.7277291778343091,0.7208451305694457,0.7319975944401462,0.7226934744493516,0.009238985710970643,48
63,0.7376511573791504,0.012612664598460109,0.09837708473205567,0.0006212378190732597,0.6,0.1,12,6,400,0.6,"OrderedDict([('colsample_bytree', 0.6), ('learning_rate', 0.1), ('max_depth', 12), ('min_child_weight', 6), ('n_estimators', 400), ('subsample', 0.6)])",0.7269508588418983,0.7054295649625296,0.7276006880969815,0.7205469285188792,0.7328992441116173,0.7226854569063812,0.009476430877122903,49
25,0.13541107177734374,0.0016105342591640063,0.018213415145874025,0.0001325476591952532,1.0,0.05,6,4,50,0.6,"OrderedDict([('colsample_bytree', 1.0), ('learning_rate', 0.05), ('max_depth', 6), ('min_child_weight', 4), ('n_estimators', 50), ('subsample', 0.6)])",0.7271882039444469,0.7055736970193032,0.7273874885513112,0.7211221624903608,0.7319854463470565,0.7226513996704956,0.0092100385717216,50
15,0.06956262588500976,0.0045934596341009855,0.012334156036376952,0.0008675720686006539,0.6,0.5,6,2,20,0.6,"OrderedDict([('colsample_bytree', 0.6), ('learning_rate', 0.5), ('max_depth', 6), ('min_child_weight', 2), ('n_estimators', 20), ('subsample', 0.6)])",0.7263771792308041,0.706796346744934,0.7271194255503308,0.7205701958763278,0.7322746659313971,0.7226275626667588,0.008742576435062824,51
24,0.1933833599090576,0.026187429502334655,0.011972570419311523,0.00025392107443161733,0.6,0.5,20,2,20,1.0,"OrderedDict([('colsample_bytree', 0.6), ('learning_rate', 0.5), ('max_depth', 20), ('min_child_weight', 2), ('n_estimators', 20), ('subsample', 1.0)])",0.7271429030372261,0.7058000432989633,0.7272138730282307,0.7203976692122528,0.732561867428612,0.722623271201057,0.009254736012473688,52
11,0.2054287910461426,0.00800524046368141,0.022266530990600587,0.0028375954069026466,1.0,0.05,8,6,50,1.0,"OrderedDict([('colsample_bytree', 1.0), ('learning_rate', 0.05), ('max_depth', 8), ('min_child_weight', 6), ('n_estimators', 50), ('subsample', 1.0)])",0.7275227976321038,0.7057971946829633,0.7269348056689705,0.7209238359673459,0.731913586617249,0.7226184441137266,0.009109439761602575,53
17,0.7809879302978515,0.031922350955122386,0.02953200340270996,0.0008179640400216811,0.6,0.3,20,6,100,1.0,"OrderedDict([('colsample_bytree', 0.6), ('learning_rate', 0.3), ('max_depth', 20), ('min_child_weight', 6), ('n_estimators', 100), ('subsample', 1.0)])",0.7269634402292313,0.7058065318131852,0.7271116670819031,0.7202997722014909,0.7329044673959427,0.7226171757443507,0.009304697151887038,54
75,0.3602277755737305,0.0036414078449972785,0.05223660469055176,0.00039742706311763585,0.6,0.3,6,4,200,0.6,"OrderedDict([('colsample_bytree', 0.6), ('learning_rate', 0.3), ('max_depth', 6), ('min_child_weight', 4), ('n_estimators', 200), ('subsample', 0.6)])",0.7262349858154749,0.7074030228246939,0.726906542676841,0.7201079352135469,0.7322761696041573,0.7225857312269428,0.008515223709237529,55
18,0.11511034965515136,0.004554990415264812,0.017592668533325195,0.001421547668597085,0.6,0.03,12,4,50,1.0,"OrderedDict([('colsample_bytree', 0.6), ('learning_rate', 0.03), ('max_depth', 12), ('min_child_weight', 4), ('n_estimators', 50), ('subsample', 1.0)])",0.7269085252430106,0.7060839553602882,0.7274123473174976,0.7215747284208713,0.7307599926177581,0.7225479097918852,0.008742138198390224,56
95,0.526188850402832,0.00686132274156794,0.06874613761901856,0.003142829996158036,0.8,0.1,8,6,200,0.6,"OrderedDict([('colsample_bytree', 0.8), ('learning_rate', 0.1), ('max_depth', 8), ('min_child_weight', 6), ('n_estimators', 200), ('subsample', 0.6)])",0.7267554912612374,0.7057339712334096,0.7273796509148382,0.720550094145743,0.7321292053770072,0.7225096825864471,0.009160165716819034,57
4,0.4430544376373291,0.005156460314241766,0.05082831382751465,0.001152674062744274,0.6,0.1,8,2,200,1.0,"OrderedDict([('colsample_bytree', 0.6), ('learning_rate', 0.1), ('max_depth', 8), ('min_child_weight', 2), ('n_estimators', 200), ('subsample', 1.0)])",0.7269063887810108,0.70579671991363,0.7270493618303462,0.7202972396999998,0.7323899738899097,0.7224879368229793,0.009184503575890263,58
39,0.23229613304138183,0.006825399276378896,0.02223505973815918,0.0005516951230172884,1.0,0.075,8,4,50,1.0,"OrderedDict([('colsample_bytree', 1.0), ('learning_rate', 0.075), ('max_depth', 8), ('min_child_weight', 4), ('n_estimators', 50), ('subsample', 1.0)])",0.7271700440174474,0.7058638602101835,0.7270615141252814,0.7200957079797856,0.7322123822228526,0.7224807017111101,0.009159552344823753,59
70,0.2530470848083496,0.005685118069247431,0.02912440299987793,0.0002635468491060114,1.0,0.05,6,2,100,0.4,"OrderedDict([('colsample_bytree', 1.0), ('learning_rate', 0.05), ('max_depth', 6), ('min_child_weight', 2), ('n_estimators', 100), ('subsample', 0.4)])",0.7273287752312205,0.7057699745745196,0.7272746740869291,0.7203817619372623,0.73155741402474,0.7224625199709342,0.009083226201635123,60
38,0.2313985824584961,0.006647469296725472,0.013836526870727539,0.0006238251458588735,1.0,0.1,20,4,20,1.0,"OrderedDict([('colsample_bytree', 1.0), ('learning_rate', 0.1), ('max_depth', 20), ('min_child_weight', 4), ('n_estimators', 20), ('subsample', 1.0)])",0.727325649666443,0.7056028953333026,0.7266687614531422,0.7203129491233113,0.7323729190751811,0.722456634930276,0.009256629330698214,61
36,0.5199671268463135,0.00973001435045697,0.0660893440246582,0.0007045377433575153,0.8,0.075,8,4,200,0.4,"OrderedDict([('colsample_bytree', 0.8), ('learning_rate', 0.075), ('max_depth', 8), ('min_child_weight', 4), ('n_estimators', 200), ('subsample', 0.4)])",0.7268196642494578,0.7058263138687402,0.727506478123217,0.7205146391248688,0.7315103253251416,0.7224354841382851,0.009020453873474282,62
3,0.8012925148010254,0.012789253240409602,0.09927048683166503,0.00037662938794649103,0.8,0.05,6,4,400,0.4,"OrderedDict([('colsample_bytree', 0.8), ('learning_rate', 0.05), ('max_depth', 6), ('min_child_weight', 4), ('n_estimators', 400), ('subsample', 0.4)])",0.7270898080001165,0.7052330895867576,0.7273413335809709,0.7199677770841537,0.7324090467917638,0.7224082110087526,0.009457381018669378,63
67,0.4905683517456055,0.01922603046688048,0.03804588317871094,0.000842894916729302,1.0,0.03,12,4,100,1.0,"OrderedDict([('colsample_bytree', 1.0), ('learning_rate', 0.03), ('max_depth', 12), ('min_child_weight', 4), ('n_estimators', 100), ('subsample', 1.0)])",0.7273747487283303,0.7055263783424156,0.7266742240482595,0.7202291391520932,0.7322244116049349,0.7224057803752066,0.009262480845956031,64
85,1.9130796909332275,0.010005232795974898,0.08212981224060059,0.0006545609966211071,1.0,0.075,20,4,200,0.4,"OrderedDict([('colsample_bytree', 1.0), ('learning_rate', 0.075), ('max_depth', 20), ('min_child_weight', 4), ('n_estimators', 200), ('subsample', 0.4)])",0.7272192617716682,0.7061128371613985,0.7270515785356113,0.7202070193343826,0.7312942712916897,0.72237699361895,0.008877485226910216,65
66,0.749419116973877,0.0035275552532369105,0.09656076431274414,0.0011297666613382775,0.6,0.075,6,2,400,0.6,"OrderedDict([('colsample_bytree', 0.6), ('learning_rate', 0.075), ('max_depth', 6), ('min_child_weight', 2), ('n_estimators', 400), ('subsample', 0.6)])",0.7268265484047908,0.7056888681467443,0.7272217106647035,0.7196384727496508,0.7325003751267833,0.7223751950185345,0.009292423648883084,66
23,0.49695396423339844,0.014474541804411675,0.06700057983398437,0.0042281517986804094,0.8,0.3,12,6,200,0.4,"OrderedDict([('colsample_bytree', 0.8), ('learning_rate', 0.3), ('max_depth', 12), ('min_child_weight', 6), ('n_estimators', 200), ('subsample', 0.4)])",0.7262341945332526,0.7082631466002243,0.7267895323060647,0.7199437974606607,0.7306372454361156,0.7223735832672636,0.007844760285716602,67
53,0.7481250286102294,0.016602411670121452,0.08414654731750489,0.006059790838588508,1.0,0.05,12,6,200,0.6,"OrderedDict([('colsample_bytree', 1.0), ('learning_rate', 0.05), ('max_depth', 12), ('min_child_weight', 6), ('n_estimators', 200), ('subsample', 0.6)])",0.7272142766936683,0.7051902812185367,0.7269650478622293,0.7205128980300938,0.731955333321515,0.7223675674252086,0.009327932589542383,68
33,0.37804594039916994,0.01319280750183438,0.03881402015686035,0.0008940585885950433,1.0,0.1,8,6,100,1.0,"OrderedDict([('colsample_bytree', 1.0), ('learning_rate', 0.1), ('max_depth', 8), ('min_child_weight', 6), ('n_estimators', 100), ('subsample', 1.0)])",0.7270544376847841,0.7055017299011941,0.7269616436362865,0.7202101058205749,0.7320322580543045,0.7223520350194288,0.009225924817634238,69
54,0.11289095878601074,0.004985760328815321,0.01842670440673828,0.00041965043950981226,0.6,0.3,6,4,50,0.6,"OrderedDict([('colsample_bytree', 0.6), ('learning_rate', 0.3), ('max_depth', 6), ('min_child_weight', 4), ('n_estimators', 50), ('subsample', 0.6)])",0.7269419173527873,0.7056390964949679,0.7256190327580745,0.7209958935488322,0.7324956266864877,0.72233831336823,0.009119136344616658,70
83,0.8643097400665283,0.022265303415566803,0.10097723007202149,0.0004940559799129803,0.8,0.075,6,4,400,0.6,"OrderedDict([('colsample_bytree', 0.8), ('learning_rate', 0.075), ('max_depth', 6), ('min_child_weight', 4), ('n_estimators', 400), ('subsample', 0.6)])",0.7267221782796829,0.7053805845929755,0.7267955490774983,0.7201604846194853,0.7325196063099808,0.7223156805759245,0.009327903191533513,71
40,0.09493131637573242,0.0032833382387394043,0.014608240127563477,0.0018018040743075642,0.8,0.3,12,2,20,0.6,"OrderedDict([('colsample_bytree', 0.8), ('learning_rate', 0.3), ('max_depth', 12), ('min_child_weight', 2), ('n_estimators', 20), ('subsample', 0.6)])",0.7266705866787955,0.705537654114082,0.7268342622515914,0.7201869967444694,0.7320216532043109,0.7222502305986497,0.009160794075825977,72
21,0.46550664901733396,0.009421011351031463,0.04971280097961426,0.00037268356856228906,1.0,0.1,6,4,200,1.0,"OrderedDict([('colsample_bytree', 1.0), ('learning_rate', 0.1), ('max_depth', 6), ('min_child_weight', 4), ('n_estimators', 200), ('subsample', 1.0)])",0.7266875201183505,0.7051515083896489,0.7271460260135113,0.7198391734928133,0.7318173911309265,0.7221283238290501,0.00930907195075847,73
37,0.1381922721862793,0.0010995499645364611,0.02150254249572754,0.0003553461848621304,0.8,0.3,8,6,50,0.4,"OrderedDict([('colsample_bytree', 0.8), ('learning_rate', 0.3), ('max_depth', 8), ('min_child_weight', 6), ('n_estimators', 50), ('subsample', 0.4)])",0.7269042523190108,0.7058479950016284,0.7256312246370323,0.7207927394448503,0.7313662101621687,0.7221084843129383,0.008800559928319317,74
51,0.3818702220916748,0.010773314449153734,0.056167984008789064,0.005189463809234443,0.6,0.5,12,6,200,0.6,"OrderedDict([('colsample_bytree', 0.6), ('learning_rate', 0.5), ('max_depth', 12), ('min_child_weight', 6), ('n_estimators', 200), ('subsample', 0.6)])",0.7260611411112579,0.7057848506802971,0.7270530827284697,0.7191714636465742,0.7323408275328496,0.7220822731398897,0.009163591733219288,75
20,0.08115196228027344,0.0004242810646938855,0.01312861442565918,0.00012583610639599037,1.0,0.03,12,6,20,0.4,"OrderedDict([('colsample_bytree', 1.0), ('learning_rate', 0.03), ('max_depth', 12), ('min_child_weight', 6), ('n_estimators', 20), ('subsample', 0.4)])",0.7265810530953535,0.7043216511591177,0.726501598125744,0.7215016815809899,0.7315020155546242,0.7220815999031658,0.009426322496224453,76
8,0.4701684474945068,0.008839223518514934,0.053825902938842776,0.0007724791161752782,0.8,0.3,6,2,200,0.6,"OrderedDict([('colsample_bytree', 0.8), ('learning_rate', 0.3), ('max_depth', 6), ('min_child_weight', 2), ('n_estimators', 200), ('subsample', 0.6)])",0.7256974678019351,0.7074059505689161,0.726586782942358,0.7192191854715454,0.7314413146595115,0.7220701402888532,0.0083011189407759,77
74,0.2679282665252686,0.010477813875963348,0.025745868682861328,0.00021475715468518856,1.0,0.1,12,2,50,0.6,"OrderedDict([('colsample_bytree', 1.0), ('learning_rate', 0.1), ('max_depth', 12), ('min_child_weight', 2), ('n_estimators', 50), ('subsample', 0.6)])",0.72693202632501,0.7050166738989861,0.7269690854325334,0.7191882414689521,0.7321359323340928,0.7220483918919148,0.00946658819852219,78
78,0.11081247329711914,0.0006091408978671378,0.018172740936279297,4.6465817650250156e-05,0.6,0.5,6,4,50,0.6,"OrderedDict([('colsample_bytree', 0.6), ('learning_rate', 0.5), ('max_depth', 6), ('min_child_weight', 4), ('n_estimators', 50), ('subsample', 0.6)])",0.726471104430579,0.7054749054338616,0.7256921840318211,0.7202746054679239,0.7319920545931347,0.7219809707914641,0.009050061645131589,79
45,0.2770099639892578,0.010577488367308142,0.03726420402526855,0.0012833320392630753,0.8,0.5,8,6,100,0.6,"OrderedDict([('colsample_bytree', 0.8), ('learning_rate', 0.5), ('max_depth', 8), ('min_child_weight', 6), ('n_estimators', 100), ('subsample', 0.6)])",0.7269513336112317,0.7052612592338678,0.7268127285433025,0.7193172407636506,0.7313481660890452,0.7219381456482196,0.009191624225798473,80
59,4.333798408508301,0.01785076623548841,0.1589179515838623,0.011238357385732258,1.0,0.05,20,4,400,1.0,"OrderedDict([('colsample_bytree', 1.0), ('learning_rate', 0.05), ('max_depth', 20), ('min_child_weight', 4), ('n_estimators', 400), ('subsample', 1.0)])",0.726539787727466,0.7052345138947576,0.7266983307180168,0.7194786877337025,0.731720602089567,0.721934384432702,0.009215108268554486,81
50,0.13670907020568848,0.005564774799430727,0.019133520126342774,0.0022441493333144324,1.0,0.03,6,4,50,0.6,"OrderedDict([('colsample_bytree', 1.0), ('learning_rate', 0.03), ('max_depth', 6), ('min_child_weight', 4), ('n_estimators', 50), ('subsample', 0.6)])",0.7262759346704736,0.7069192328740415,0.725330702737528,0.7203170644382342,0.7307470531179525,0.721917997567646,0.00819897949135263,82
46,0.7206976413726807,0.012603031892337727,0.09849019050598144,0.0027613099026542907,0.6,0.5,8,4,400,0.4,"OrderedDict([('colsample_bytree', 0.6), ('learning_rate', 0.5), ('max_depth', 8), ('min_child_weight', 4), ('n_estimators', 400), ('subsample', 0.4)])",0.7267617423907927,0.7051859291663145,0.7250631147448189,0.7192761667550931,0.7331043767323893,0.7218782659578817,0.009438455327141493,83
64,0.07008395195007325,0.000899390759002613,0.011767101287841798,0.00013294981041225905,1.0,0.075,6,6,20,0.6,"OrderedDict([('colsample_bytree', 1.0), ('learning_rate', 0.075), ('max_depth', 6), ('min_child_weight', 6), ('n_estimators', 20), ('subsample', 0.6)])",0.7263306914002499,0.7067257248066028,0.7249198601670652,0.7205326436276565,0.7304884214031832,0.7217994682809515,0.008180334001405984,84
72,0.07096395492553711,0.0008389874742805828,0.011561965942382813,0.00013850289944563465,0.8,0.5,6,4,20,0.6,"OrderedDict([('colsample_bytree', 0.8), ('learning_rate', 0.5), ('max_depth', 6), ('min_child_weight', 4), ('n_estimators', 20), ('subsample', 0.6)])",0.7262060248861424,0.7050048046656532,0.725022343201551,0.7204528302603539,0.7322469666963392,0.721786593942008,0.009195958005282933,85
19,0.20459284782409667,0.009801054691833715,0.022968101501464843,0.00017058427973407685,0.8,0.5,8,2,50,1.0,"OrderedDict([('colsample_bytree', 0.8), ('learning_rate', 0.5), ('max_depth', 8), ('min_child_weight', 2), ('n_estimators', 50), ('subsample', 1.0)])",0.7260029818679261,0.7046230901216644,0.7267068808668964,0.7196326163399529,0.7317977642443713,0.7217526666881622,0.009396067358169738,86
65,0.9349362850189209,0.009960087985051852,0.1008840560913086,0.007937551372552669,0.8,0.1,6,2,400,1.0,"OrderedDict([('colsample_bytree', 0.8), ('learning_rate', 0.1), ('max_depth', 6), ('min_child_weight', 2), ('n_estimators', 400), ('subsample', 1.0)])",0.7259134087203732,0.7047242951178836,0.7268827130952418,0.7193445442953504,0.7317415743675395,0.7217213071192777,0.00937194752125674,87
6,0.4826531410217285,0.01866594873264606,0.0504356861114502,0.001619900036448551,1.0,0.3,6,2,200,1.0,"OrderedDict([('colsample_bytree', 1.0), ('learning_rate', 0.3), ('max_depth', 6), ('min_child_weight', 2), ('n_estimators', 200), ('subsample', 1.0)])",0.7259401540594835,0.7047348982996611,0.726809007645179,0.719817409808125,0.7311454076884212,0.721689375500174,0.009215800009771714,88
12,1.5100624084472656,0.023627451096067204,0.1434483528137207,0.0005839733197973782,1.0,0.075,8,2,400,0.4,"OrderedDict([('colsample_bytree', 1.0), ('learning_rate', 0.075), ('max_depth', 8), ('min_child_weight', 2), ('n_estimators', 400), ('subsample', 0.4)])",0.7263012161374729,0.7047531769189939,0.7266095041713247,0.7191887163129818,0.7311267304899252,0.7215958688061397,0.009247538165907867,89
60,0.21119203567504882,0.008621171436628095,0.03087010383605957,0.003179763516189011,0.6,0.5,6,2,100,0.6,"OrderedDict([('colsample_bytree', 0.6), ('learning_rate', 0.5), ('max_depth', 6), ('min_child_weight', 2), ('n_estimators', 100), ('subsample', 0.6)])",0.7260285402837032,0.7052115667103138,0.7260774157396682,0.7195814914661031,0.7310516259925823,0.7215901280384742,0.008962668015358553,90
42,1.7602573871612548,0.00816019613655944,0.06862840652465821,0.001882821462996209,0.8,0.5,20,2,200,0.4,"OrderedDict([('colsample_bytree', 0.8), ('learning_rate', 0.5), ('max_depth', 20), ('min_child_weight', 2), ('n_estimators', 200), ('subsample', 0.4)])",0.7250539179706206,0.707186765393367,0.7265142650129729,0.7188858449627913,0.7300319775797643,0.7215345541839031,0.00802825447390377,91
41,0.7530920505523682,0.01562776716472054,0.09656324386596679,0.0009944944693527336,0.6,0.3,6,2,400,0.6,"OrderedDict([('colsample_bytree', 0.6), ('learning_rate', 0.3), ('max_depth', 6), ('min_child_weight', 2), ('n_estimators', 400), ('subsample', 0.6)])",0.7262218505305864,0.705001164767431,0.7253706826003441,0.7183244210385029,0.7324521784577827,0.7214740594789293,0.009375721523338024,92
29,1.1764252662658692,0.01939056199099736,0.12694854736328126,0.0011206938022900684,0.8,0.3,12,4,400,0.6,"OrderedDict([('colsample_bytree', 0.8), ('learning_rate', 0.3), ('max_depth', 12), ('min_child_weight', 4), ('n_estimators', 400), ('subsample', 0.6)])",0.7259006690765959,0.7047166988085505,0.7253063189796125,0.7194860478161607,0.7313487200737465,0.7213516909509332,0.009126625488084957,93
1,0.37329936027526855,0.008207678181768641,0.04033780097961426,0.0002388437771141235,1.0,0.3,8,4,100,0.6,"OrderedDict([('colsample_bytree', 1.0), ('learning_rate', 0.3), ('max_depth', 8), ('min_child_weight', 4), ('n_estimators', 100), ('subsample', 0.6)])",0.7257792863837105,0.7051678088034262,0.724577418787638,0.7198814346114446,0.7308037574091497,0.7212419411990737,0.00875636855952763,94
49,0.13992023468017578,0.003913875577740732,0.01807742118835449,0.000245609623013447,1.0,0.03,6,2,50,0.6,"OrderedDict([('colsample_bytree', 1.0), ('learning_rate', 0.03), ('max_depth', 6), ('min_child_weight', 2), ('n_estimators', 50), ('subsample', 0.6)])",0.7261469556682552,0.704404933613004,0.7249852133883615,0.7193543577386281,0.7307865838834137,0.7211356088583325,0.009123187168284742,95
79,0.058243417739868165,0.0011047823910995819,0.011451435089111329,0.00010098454139198132,0.6,0.1,6,4,20,0.6,"OrderedDict([('colsample_bytree', 0.6), ('learning_rate', 0.1), ('max_depth', 6), ('min_child_weight', 4), ('n_estimators', 20), ('subsample', 0.6)])",0.7255792502379386,0.7025878331179463,0.7262310809153631,0.7202380424776474,0.7307110045420413,0.7210694422581873,0.009820404339156704,96
71,1.3002996921539307,0.025804104472018568,0.15223317146301268,0.014548471222574026,1.0,0.5,8,6,400,0.6,"OrderedDict([('colsample_bytree', 1.0), ('learning_rate', 0.5), ('max_depth', 8), ('min_child_weight', 6), ('n_estimators', 400), ('subsample', 0.6)])",0.7253412325455011,0.7040277293776818,0.7251657165313724,0.7191171731458608,0.731305350985713,0.7209914405172257,0.009316677453778802,97
22,0.25112123489379884,0.02115367779224953,0.014979362487792969,0.0005924337191661889,1.0,0.5,20,2,20,0.6,"OrderedDict([('colsample_bytree', 1.0), ('learning_rate', 0.5), ('max_depth', 20), ('min_child_weight', 2), ('n_estimators', 20), ('subsample', 0.6)])",0.725942844419039,0.7022319143744011,0.7228085671541755,0.7184092598384517,0.7320906638699407,0.7202966499312016,0.010071592895029785,98
26,0.057182931900024415,0.0005233050603856444,0.011354589462280273,0.00024681455198255676,0.6,0.05,6,2,20,0.6,"OrderedDict([('colsample_bytree', 0.6), ('learning_rate', 0.05), ('max_depth', 6), ('min_child_weight', 2), ('n_estimators', 20), ('subsample', 0.6)])",0.7238468565047673,0.7031362312620414,0.7253041022743474,0.7195187329135291,0.7289073886364126,0.7201426623182196,0.009019866180778638,99
28,0.056708574295043945,0.0007811428818292165,0.011192703247070312,0.00022692833158680388,0.6,0.03,6,6,20,0.6,"OrderedDict([('colsample_bytree', 0.6), ('learning_rate', 0.03), ('max_depth', 6), ('min_child_weight', 6), ('n_estimators', 20), ('subsample', 0.6)])",0.7238677463554332,0.7025760034487245,0.7249565941400289,0.7191784280256744,0.7285229232538085,0.7198203390447339,0.009124437014554565,100
